Gates~Bill~bgates@microsoft.com~bgates.png~
Zuckerberg~Mark~mzuckerberg@facebook.com~mzuckerberg.jpg~
Joy~Bill~bjoy@sun.com~bjoy.jpg~
Page~Larry~Larry324@gmail.com~lpage.jpg~
Brin~Sergey~SergeyBrin223@gmail.com~sbrin.jpg~
Jordan~Michael~mjordan@gmail.com~mjordan.jpg~

